,5,6,7,8,9,10,11,12,13,14,15,16,17,18,19,20,21,22,23,24,25,26,27,28,29,30,31,32,33,34,35,36,37,38,39,40,41,42,43,44,45,46,47,48,49,50,51,52,53,54,55,56,57,58,59,60,61,62,63,64,65,66,67,68,69,70,71,72,73,74,75,76,77,78,79,80,81,82,83,84,85,86,87,88,89,90,91,92,93,94,95,96,97,98,99,100
1,33.31143131337136,33.58544142241499,33.76561859189896,33.79318965769248,33.77566981775651,33.62866414155242,33.83348200585852,33.90445951866728,34.01694824395492,34.0025123813995,33.94259143720092,33.88360371915364,34.11790617439441,34.263417070588325,34.0630435711566,34.17241809791484,34.20540831648838,34.16064856704989,34.433974393976975,34.25564463631433,34.46274085379234,34.51917686947283,34.5063718865201,34.46890709340537,34.267101601617306,34.08661474114873,34.74772258870989,34.235047629002025,34.20162097879455,34.278956792870495,32.385728293355044,32.84061503489397,33.87920859996312,33.88990505815755,33.88116332969516,34.07078853193653,33.978481950370536,33.29571120533575,33.86254957038348,33.953128145400335,33.93479586263368,34.10461159821132,34.08868567426292,34.1159756288621,34.4369607554823,34.50410465704104,34.257142498022006,34.30543842942112,34.00204225998566,33.98629633039528,33.81742096797869,33.88433024367188,33.644812119419015,33.70898178370744,33.60864059557859,33.65648181997307,34.12245729360937,34.27958552161887,33.52174368243233,33.603047063931825,34.20413750372148,33.43414358819574,33.72089205093593,33.75304715951454,33.64402200069908,33.66811608198009,33.8165592908376,34.080242149954216,34.1011834502495,34.09167733577262,34.255902887081376,34.24960557413792,34.26317703091452,34.25682794251836,34.39055740880522,34.386149476206555,34.42903974101441,34.41761340170184,34.601050343736226,33.89947178384455,34.31058529360716,33.83275833740774,34.069571231440406,33.63058073323012,33.8805492924255,33.71839288365341,33.70714751043443,33.846874181272376,33.825734154568224,33.550276950453096,33.803504846312364,34.1958938213818,34.66809400119327,34.48825960069311,34.50727503097005,33.9639950421508
2,33.29818985079764,33.45907457834888,33.7472640604374,33.77229648520797,33.73780510887029,33.60291827758509,33.80548907527244,33.873530756311546,33.97185759552079,33.96629653560942,33.72431786278793,33.95673147275703,34.07388377015103,34.17074805466717,34.21012477779269,34.135638512970274,34.16588977883883,34.38021966315175,34.37479032184439,34.35562311074992,34.22612779514712,34.39883835024318,34.384773150671684,34.685909744588145,34.69473494166667,34.682440749928645,34.67319967433035,34.68023669355206,33.65144048904371,33.583935603846086,33.73808058825962,33.745769341159004,33.76076719683327,33.73438872320557,34.04625379843276,33.460270886750195,33.42828415016712,34.06632998182026,34.10494995491423,33.1001288591102,33.278560127435355,33.926247550364444,34.69428234153125,33.54460712421103,34.190031839738154,34.01630443073239,34.047233097366004,34.033837847208105,33.735417321552376,33.83514716253224,33.521349087926055,33.59710616155249,33.32178121875548,33.29697446929648,33.353183634720494,33.70896275368001,33.896193263605994,33.63077182392719,33.58387219612834,34.07995877136314,34.1247545127367,34.33965695072358,34.33379316669617,34.343638849738575,34.12507025729826,34.60292052294557,34.354538012126426,34.36287954265203,34.35782571818333,34.024067976034345,34.042985523018544,34.03322512565224,33.812625840662534,33.50118379993047,33.61688540216599,33.66887687681185,33.47196850520942,33.45642038686874,33.937005690760586,34.65826722164009,34.43909686752154,33.48967000242509,33.63248788195291,33.8051731383669,33.60937840715522,33.78311886672129,33.506936661948515,33.39143330084954,33.376875493371145,33.6577199938845,33.64635933637781,34.49143430533819,34.48900117549194,34.486568045645726,34.55338805417315,34.62188385879172
3,33.300492119949325,33.64049361151209,33.783750719745235,33.83819656384443,33.832323797068064,33.644864418439354,33.58136160157771,33.93955506878641,33.967980097324755,34.046712160760535,33.98591298229486,33.93480391518502,33.871134117716494,34.289184681233834,34.33968682417443,34.23536267695239,34.22880209601369,34.24832959860262,34.18475848117868,34.33944804635381,34.009973089343355,34.566384227078345,34.559581414877286,34.58198089726021,34.5634173384111,34.51128260931054,34.502727715176874,34.403977723017675,34.06063062074933,34.371813558883034,34.41072518042984,33.97526669649538,33.95178974536606,33.53888009880106,34.139087826357255,34.234895618938936,34.216088747403866,34.26177377456614,34.314430059644266,34.305444120655906,34.02438420959121,33.658469372523825,33.628265648729304,33.60531227565575,33.582358902582165,33.780592472735115,34.351461321357405,33.9532326941619,33.767469306081935,33.80156278869593,33.784846929189825,33.849532960957205,33.879691189116755,33.504847127008894,33.48413396994843,33.52464285205765,33.67727587621044,34.1268131139961,34.843746322857854,34.84610630683603,34.6294949989022,34.64021506208245,33.51131627577645,33.493171973990506,33.711905448951654,33.769239103766225,33.75590826564228,33.74257742751836,33.50747496268092,33.50169487698554,33.48522358179267,33.468520019335664,33.750080677962785,34.281894855136514,34.34574174446911,34.341278951296005,34.389254962816466,34.33469770510675,34.16928841187783,33.92359718526262,33.95537193025518,34.13979888802127,33.68826891471387,33.676621764558625,34.126953509697145,34.159718607446976,34.15245230026381,34.093790115950085,34.317943585224626,34.07203047911969,33.94642190498057,33.94245744659091,34.11437643810453,34.10834959117811,34.1577660275546,34.15230202393367
4,33.33732306696602,33.54233702498701,33.76183794484665,33.860016000152825,33.83585595912748,33.64975401209766,33.72806625808278,33.83062812568187,34.01836539349438,34.08329980537702,34.03534175523001,34.067071712710955,34.02506413515455,34.17403943458044,34.33401658254692,34.22029178494415,34.23223923936643,34.20271563612157,34.50259030521395,34.521226386892835,34.36246904493041,34.54765124390784,34.54021360557489,34.529478506788465,34.84775371194155,34.879405829212224,34.81810765983535,34.861671067441875,34.859079203255845,34.86301266996641,35.048677261016664,33.93457358700015,33.72541853174916,33.697887572110275,33.36341493487853,33.51722986299602,34.083097261294654,34.40105056574089,34.366037021539455,34.389271326066066,33.99441389954079,33.99818456774011,33.982085436410244,34.657333212489526,34.75377597404082,34.97924568163367,34.984476166455096,34.989495591391105,34.52904746572644,34.35754268432305,34.65288440318413,33.94787018455749,33.94401960996242,33.44440347750992,33.49399017751183,33.45585499416772,33.67811312453042,33.937585182676386,33.92469417514676,34.243685711110025,34.23601723433923,34.275466846488605,34.268519011502775,34.26157117651698,34.11074386146242,33.86162025315154,33.85019557121532,33.83770951710664,33.54046119387911,33.79356112448589,33.92303071940839,33.912192696698824,33.90135467398916,33.89051665127951,33.91824798100836,34.11376704192193,34.10600988101585,34.34759476074062,34.37182736576028,34.331662134641874,34.45899304600596,34.45577893252188,34.203820947941736,34.19773266663052,34.19164438531928,34.246989990575905,33.95965028355727,33.951133681582014,34.008861005224304,34.18573458867498,34.17819226989737,34.17234849340265,34.16650471690792,34.15901664514842,34.13011022688541,34.124015586312765
5,33.38311220759333,33.29041350059441,33.890010506644884,33.93677361909548,33.93872871770345,33.639541964541365,33.731300119664546,33.60115352101435,34.16883058910794,34.23604449777924,34.19986325446349,34.1248592480104,34.08268771347301,34.00110419808421,34.54883557789113,34.306213563496755,34.506644543096655,34.48820831256482,34.461441643160526,34.39412333311799,34.37538783081268,34.36097545104093,34.891274826405265,34.8930018426167,34.85957454948605,34.86415956679311,34.784366328948124,34.78715623908758,34.77763067636573,34.752982107020976,34.78492735360281,34.779322440527565,34.68532636413329,33.57085943690734,33.54001512668087,33.43224590157061,33.4640897860628,33.62095694014481,33.735223147402365,33.83855914242005,33.9968686282635,34.04211231223793,34.02445807064588,34.31251849429351,34.303773469832834,34.89698516133616,34.46582783860767,34.13069538367087,34.09628098825704,34.20152155456477,34.06719758510185,34.15241039625798,34.13720195398224,33.93955394364974,33.43493694942589,33.54162727962688,33.584412964394375,33.56551834072506,33.54662371705578,33.28147176174892,33.28365347702338,33.8680340358337,33.85491026550262,33.34050759733654,33.31996110917333,33.48792419782444,33.38706711175401,33.368055638130784,33.24111797298473,33.22061815784355,33.200118342702346,33.398087703538586,33.384582716460145,33.42802893622796,33.405915522638296,33.624929504935054,33.63789605321454,32.99256047107444,32.966853869595,32.94551369147609,33.27346335124712,33.42884278251616,33.413652676149155,33.51237295907505,33.498484048186725,33.4845951372984,33.55361111667913,34.19516636523538,34.27896959987529,34.18982234110288,34.184066995920944,34.17831165073892,34.17255630555698,34.1778794357532,34.1491494674646,34.112161402082016
6,33.326573170903615,33.47252730848879,33.76406299777097,33.79732520625588,33.75472538922287,33.626361822644164,33.673548135090954,33.89712985982757,33.91525463369075,33.98274644934612,33.740542648380206,33.973211209166024,34.07738536235499,34.03126897755662,33.98964667226602,34.14619880375375,34.113134406522896,34.07601605939601,34.23724505783899,34.34925023964119,34.47462505262887,34.404478112503774,34.39134011777417,34.37371854071347,34.349686585616084,34.67431882564711,34.67210108357957,34.66988334151201,34.66578991390416,33.69093234504223,34.23502667433232,34.51304130164906,33.33677771857956,33.956844057516015,33.93252460518079,33.78294888893199,33.81181359892227,33.35630719806964,33.47886676761051,33.44922860802806,33.41959044844561,34.08670754640522,33.73246283015054,33.71082055310217,33.18657084485432,33.217424827704455,33.26179356388373,33.55332385764431,33.53030598626343,33.50728811488252,33.86253413854655,33.84645395913453,33.83037377972254,33.25578091044298,33.35133360865779,33.32663667246116,33.52038204486844,33.50024251859171,33.480102992315004,33.45996346603831,33.43982393976158,33.419684413484845,33.39071885699859,33.16932093913026,33.13490943267709,33.11149700691031,33.36675124513374,33.32879758876552,33.30907895010299,33.28936031144043,33.12344326279933,33.52541469751492,33.9946600816889,33.70430369021345,33.80212612076588,34.13839568509852,34.129147557974335,33.978582136274326,33.96925185467832,34.16655821715881,33.99590890990225,33.9275412561088,33.918051125605714,34.07726608610572,34.17081158858573,34.164390943951545,34.15797029931736,34.14221128035889,33.98304961442288,33.95836482053962,34.11738715986435,34.11010447629836,34.10351936184649,34.096934247394586,34.20059872868411,34.220081697153546
7,33.35575943080926,33.54689574941586,33.83385567866135,33.80927068052475,33.80887100141355,33.570648601737446,33.72110935796371,33.85434745953366,34.08001865126839,34.126547754224184,34.08115970182915,33.78652201488045,34.033276058204805,34.20083376822394,34.17005567127517,34.15643869202299,34.363618709210115,34.39672682974705,34.59554514937771,34.58913569290658,34.463138397328635,34.44964019700794,34.10632181198183,34.06730881916153,34.70963592834666,34.7063396368197,34.96357858913626,34.970912038671,34.97824548820577,34.97858590029796,34.985711046710456,35.111829418744705,34.02323186956369,34.003624084303475,33.98401629904326,34.00822554118997,34.19448615380506,34.16763298195633,34.153864737698825,34.336688546256056,34.3161469712381,34.30664298047597,34.297138989713844,34.35090620009386,34.34273422329107,34.01301025253697,33.99834568403034,33.54883924189407,33.5257376642132,33.50263608653233,33.47953450885145,33.436323465921866,33.41285979941518,33.39027594281823,33.93753832660505,33.90974378289379,33.92062087193097,33.64660605647501,33.6288447872034,33.78084034157909,33.86989542255708,33.85642156308766,33.80679439170058,33.792777021106815,33.772099150250284,33.757984586684614,33.26834551374099,33.22012719815322,33.25983171970633,33.23395907671795,33.48946024437191,33.47269226415804,33.4559242839442,33.43915630373037,33.42238832351658,34.26619509136863,34.260247354489735,34.254299617610855,34.45153912222688,34.01879508365544,34.0101713564994,34.001547629343406,34.13431352796683,34.12732422862686,34.120334929286855,34.11334562994688,34.04812883285189,34.26839397933608,34.42441051453359,34.3805943728872,34.37676181745427,34.68858604540996,34.688058036832,34.68753002825409,34.68407704709212,34.99922258823345
8,33.531851105463794,33.555469332575456,33.651898161733754,33.68153484887748,33.71116169456361,33.51519967186027,33.54425357360641,33.73651647082282,33.827998302840435,33.820527858970095,33.82616285262857,33.63134236845336,33.91605952791067,33.97016170994454,34.05219192919686,33.91501146117986,33.872379009555225,33.82330632476918,34.14585975825695,34.11912771155018,34.09239566484338,34.103880264806385,34.07865353751903,34.05342681023166,34.3872230555193,34.365469255436295,34.32948132015651,34.306709639694375,34.2927210407628,34.278732441831266,33.782261519621656,33.75429288609389,33.64621329293124,33.61605016486229,33.65602934258477,33.25683766296886,33.21911579399746,34.06741789928949,34.051029793366226,34.034641687442985,34.05397728927255,34.038391221469205,33.36602434746078,33.33632876075791,33.295753675637215,33.73765117475886,33.519890631634595,33.49559066209539,33.464584749278856,33.48780272745799,33.46150964837943,33.43792086320596,33.41433207803251,33.390743292859085,33.3508134244925,33.62247130523102,33.55204671166303,33.53229147930979,33.51253624695653,33.49278101460326,34.05109292337495,33.54435362389034,33.79772728314704,33.7834502796114,33.76917327607579,33.75489627254023,33.740619269004625,33.72634226546904,33.68309086543544,33.60142917907935,33.634818876432135,33.66471896307964,33.65025983387764,33.635921834474885,33.82165707178365,33.80986724650869,33.798077421233785,33.763374124796954,33.69270440518598,33.67992355282785,33.75714449614188,33.700898628291014,33.68866230448673,33.67642598068238,34.26231625792512,34.25683572592355,34.25135519392193,34.245874661920354,34.43674998353453,34.4333917713615,34.43003355918854,34.71083207241732,34.71044849146478,34.70822866271164,34.70782625452492,34.70742384633823
9,33.367177805387904,33.51870861928181,33.81498186765532,33.853740594577324,33.816528736584175,33.567168907030606,33.65215553378678,33.797340563687854,34.02720408471406,34.08184682555926,34.026748914975016,33.990494779678,34.18104988648297,34.146645425566206,34.088236622713055,34.10540808441962,34.0834110062293,34.279695089991286,34.35592461270371,34.48860279356674,34.47777403555444,34.46670506937733,34.62763577489247,34.619535256168334,34.84680077001971,34.84756737390292,34.850900996262936,34.85423461862296,34.838366039801905,34.37721084352466,34.38569562566998,34.37017997873649,33.477271098897035,34.03787648272965,33.76257704768683,33.7791046788887,33.754570682421644,33.908392566996824,34.191559190313484,33.49407018973801,33.54991829090312,33.66147224677583,33.63759014365928,33.61370804054279,33.583913041911615,33.559909113133216,33.887880428194826,33.85989219523391,33.842641730760135,33.81874908941457,33.78380839070049,33.75999197389089,33.74218523038813,33.724378486885385,33.54304248406257,33.52244099717018,34.3014234034047,34.2940327896624,34.28664217592006,34.15612282964892,33.676229293643814,33.52329592478053,33.49337438620896,33.95971154014991,33.94383950482144,33.96780645825504,34.17000722019233,34.1618010670148,33.96770137911452,33.95693271786635,33.946164056618144,33.940775083733776,33.97011751498056,33.96406009678108,33.95393913295504,33.38962466317872,33.37253671622143,33.749660052096374,33.73639583151611,33.52431815016083,33.50966193722561,33.86772438980215,33.904944272175854,33.89519613760511,33.82344991451559,34.00349503812832,33.97039072613519,34.138167041870695,34.09550751379772,34.42106973260246,34.64948311298728,34.6484361796957,34.30488216870164,34.3002864819455,34.29569079518934,34.02398206338064
10,33.62623159309723,33.66045317108247,33.83109454899184,33.90155039447019,33.78936789276929,33.63743759641564,33.78958885187163,33.698812879803015,34.101929878539934,34.14410646641972,33.91709156546168,33.94733143905479,34.09808578809225,34.04595529732528,34.274834604723154,34.2246703664079,34.28899693584606,34.263607272507,34.43859795760666,34.42503670737338,34.67185078042863,34.66890931071095,34.621201785156074,34.6094012141497,34.804679680905096,34.80670494812394,34.808835808387585,34.4876981119426,34.4795845915737,35.16184723773402,35.17431673056127,35.1823826838703,35.19472841169939,34.73853525906533,34.317710953964024,34.299767879725,34.33674597394281,34.65445833446464,35.08401530835212,35.008467941881925,35.014548303006606,34.68342347889352,34.80248331136583,35.05732312863245,35.06392411190932,35.07052509518616,35.07712607846298,34.54665673860904,34.54283660895495,34.53472913975628,34.53082894408237,34.49124389260394,34.67348516132816,34.38777528250014,34.47936570584842,34.945013057724694,34.94839914629425,34.95178523486376,34.96112630607255,35.12838618113108,35.13444433748697,34.600660453149004,34.598482262088964,34.53475256302045,34.52799876337643,34.52485546376214,33.882147336599985,33.87803076644954,34.17447159733338,34.16662994620701,34.394391004031775,34.75358956222618,34.75102514896148,34.68571393072679,34.68497329197609,34.669367462447724,34.66843988790801,34.6675123133683,34.48050756900486,34.47732437541909,34.661091433607936,34.660119791221106,34.46373264849689,34.46050212494738,34.457271601397906,34.454041077848395,34.45081055429888,34.61479532321185,34.908060924934965,35.1867571455408,34.742876542539484,34.58498609638127,34.58332953834035,34.58167298029946,34.589820741313346,34.58826367410025
11,33.655824799315965,33.64666073841726,33.86195716007441,33.94491422706727,33.82955696685308,33.84978522391943,33.74286394295919,33.93307849999124,34.116675533081136,34.13014550005515,34.13242263197042,34.079232347951226,34.18757297604155,34.143918955813014,34.22357681781505,34.19184072306324,34.24156724536128,34.38397037235113,34.35568638336444,34.617488915300214,34.60487329748941,34.59645769418931,34.58804209088922,34.557464152133605,34.874885676865446,34.97252766785857,34.97592650413425,34.9803128533375,34.978810096336446,34.98344969015409,34.9885910007898,34.6906282269828,34.6741323050186,34.67037802234032,33.870795034424575,33.84639523798339,34.21947317694955,34.20488333280019,34.190293488650866,34.17570364450154,34.19557678375931,33.76698973156269,34.494882997787684,33.807586321282315,33.78647885022463,33.30888855855302,33.6669019888017,34.470832028043404,34.46423741244345,34.457642796843395,34.45104818124339,34.444453565643414,34.83676056445864,34.837220630279404,34.83768069610015,34.922742219394806,34.64467663031877,34.64193110939131,34.63918558846383,34.6977058540666,35.45711739060313,35.467134159076934,35.37891702727748,35.38745756144506,34.854257142853044,34.854893546454655,34.85529082053626,34.7077012848352,34.70626138050224,34.7048214761693,34.69788889270757,34.69637527546509,34.69486165822262,34.659064451645044,34.657109332700244,34.655154213755395,34.65319909481057,34.539667638019,34.53634352740668,34.526352318408,34.52294836702681,34.51954441564557,34.51614046426437,34.78470842057236,34.784411644781464,34.78411486899057,34.783818093199656,34.40638315555084,34.40196620404135,34.597970895585775,34.59569726242319,34.59342362926054,34.59114999609797,34.588876362935366,34.586602729772736,34.58432909661013
12,33.66468229319537,33.66586155792187,33.86232855941718,33.94427883499626,33.904999895023494,33.7973671081312,33.68357259314382,33.93818891431421,34.065753186650824,34.11723141998784,34.119124131003176,34.003988029412284,34.11964861116938,34.26380066424379,34.22132576994988,34.29493671368604,34.323146306721085,34.29887703076879,34.26382885659034,34.59447372283649,34.58302296848488,34.67029843036645,34.62124463631354,34.61371175131177,34.59672858760507,34.58886490922824,34.744428777126004,34.9409341553664,34.94473713711928,34.948540118872124,34.93889546090376,35.11268655196635,35.120896787119264,33.641277915285585,33.60757619541167,34.125527789417646,34.10794009402054,34.09035239862342,34.28018198984519,33.95402552937388,33.934109100448666,34.087286081751806,34.37968417077624,34.222233418718154,34.209639854972366,34.330658905096115,34.32076414111549,33.82318030457441,34.26904237006137,34.25854181005202,34.2480412500427,34.23754069003334,34.227040130024015,33.82726701282357,33.809999792991604,34.307565912853256,33.92616429678315,33.89256601833701,33.877481505406834,33.86239699247669,33.33384687230669,33.285518289323946,33.262092680858245,33.597315588177935,33.7537533335981,33.68064967403603,33.48657576275816,33.46766143161061,33.55624329965718,33.53881147405638,33.521379648455586,33.503947822854805,33.529243230614,33.51236968697859,33.50664894090444,33.489917873777884,33.47318680665135,33.45645573952481,33.439724672398256,33.84676549561327,33.835108954007495,33.82345241240171,33.81179587079591,33.800139329190095,33.83991683280777,34.0298906548756,34.02106074337992,34.0122308318842,34.003400920388486,34.180522053343964,34.1736808313411,34.16683960933826,34.15999838733537,34.32903913494143,34.32400126954846,34.318963404155454
13,33.58617106764662,33.52092755837689,33.773117645278425,33.76280258403039,33.77203322133115,33.55601143243948,33.43139958371741,33.74518230233002,33.955982545468856,33.98660811524861,33.92916712901538,33.69900167312092,33.98224201243634,34.023170106471234,33.976831246194735,33.93437664175018,33.973684308408004,33.934411201904425,34.33475678101944,34.31574217427863,34.296727567537815,34.23488716292234,34.20779285178749,34.1868668216072,34.15577562417169,34.125147992841335,34.09856808793198,34.07680741137017,34.055046734808386,34.555930983362444,34.54975971766541,34.54358845196839,34.904188004863016,34.90805909960297,34.91193019434288,34.91580128908282,34.20060839841138,34.18673463088213,34.12030563305323,33.64292378151975,33.61719908645998,34.32495539403079,34.31533699100749,34.3057185879842,34.29610018496086,34.286481781937546,34.27686337891426,34.23472246762546,33.92662201989823,33.91070215828894,33.89100790491627,34.10303590233784,34.09115474642911,33.720653141265885,33.68872413531737,33.670371828944965,33.65201952257257,33.94623889475052,32.99902408152106,33.062114444709835,33.56817232766575,33.574438752083395,33.55630474424348,33.53817073640355,33.58620587066966,33.86205483529977,33.84910284327735,33.83615085125497,33.96752023244924,33.956558137620874,34.24000264620808,34.232991339903094,34.22598003359811,34.21896872729313,34.211957420988135,34.20494611468317,34.648209839174584,34.87525790853565,34.876640698810775,34.66142610080884,34.65436466737445,34.65308540023983,34.457079857134744,34.45355053643283,34.45002121573092,34.44649189502902,34.00797489922273,33.99964091177608,33.99130692432948,33.98297293688282,34.0447189639624,34.21579721835136,34.21007559191462,34.13113871109743,34.12466637639234,34.11819404168732
14,33.643383662944785,33.58741484334297,33.845837508896665,33.83942898477495,33.885280296585606,33.58540390822961,33.77825102295874,33.8600568761016,34.063588406069286,34.09736294928699,34.06157497509771,33.77362649398759,33.69580870722274,34.187335621602045,34.15371981941628,34.11044294785566,34.069036881022456,34.0280578602361,34.36878124750979,34.52310617166535,34.5123473141317,34.467961605235885,34.01500875619188,33.9851529544586,34.70852281356161,34.70615401081412,34.83624837681484,34.85756782445414,34.86015459039122,34.8627413563283,34.865328122265375,33.98810557742798,33.96594059551396,34.32275759505312,33.82928539155196,33.915276775040965,33.89350751765636,33.87173826027178,33.81146135279854,34.07613100956412,34.11529613707576,34.140431197222924,34.126019299875054,34.20127446398763,34.18919061673534,34.17710676948303,34.448423938517664,34.44194874038157,34.49248116061941,34.0881538376495,34.075310802794604,34.06246776793974,34.049624733084855,33.82038122231785,33.19469263960165,33.16768152208037,33.14067040455906,33.712870797896244,33.98971179407644,33.957940137423094,33.945068512814764,33.93219688820643,33.91098390814801,33.89798687901537,33.884989849882736,33.87199282075009,33.858995791617446,33.845998762484825,33.83300173335218,33.79106339481458,34.119577760915895,33.99450668948093,33.92641135642836,33.91531580092881,33.90422024542925,33.89312468992969,33.88202913443014,34.07416118916784,34.06555822435021,34.160656966724275,34.15329593543952,34.34520275783454,34.36638405751573,34.3616561431394,34.344190798521,34.33931892429552,34.33034271670583,34.1012476877701,34.37072006312883,34.383898094310474,34.375444773133935,34.37121268685545,34.36698060057699,34.35178303279702,34.04016956306439,34.03270665672506
15,33.66967469138258,33.33676981906747,33.895890470080666,33.81099221971019,33.97137249362572,33.73104862011914,33.771168405000964,33.67720400630416,34.198913374094296,34.26192660820286,34.22576435322603,34.176512255905905,33.904999516128875,34.032909336176296,33.988405589806774,33.94679355392455,34.53412763477108,34.52316237560615,34.49878463884835,34.48722369523452,34.44267726413593,34.429775389862066,34.90853170657868,34.914169363179035,34.919807019779384,34.91317810201767,34.88572249570851,34.86585502397523,34.86800564726968,34.85796886888316,34.34702600304648,34.33509179533276,34.32315758761904,34.311223379905314,34.68504516068066,34.82807521244164,34.829825366989766,34.8315755215379,34.75889547375006,34.75889509356124,34.721948694035014,34.72111850311457,34.72028831219414,34.71945812127374,34.7186279303533,34.84888225962564,34.85070035515831,34.85251845069101,34.85433654622366,34.841179222303055,34.52571567174037,34.52143836625644,34.51716106077251,34.411499542639184,34.37927397652378,34.22376479741159,34.21477585405974,34.06463987453324,34.33431652142659,34.32752773196913,34.32073894251166,34.31395015305419,34.307161363596755,34.86377758365684,34.215825932095946,34.84220642567827,34.84340660822191,34.84460679076555,34.84580697330924,34.847007155852864,35.57402783085294,35.58496945575428,35.59591108065564,35.50691136449942,35.51656367191692,34.682172425769394,34.68121270319118,34.96186906496042,34.9643640074021,34.62988346491119,34.6283431975148,34.62680293011838,34.9112188161348,34.91298364008532,34.91474846403587,34.91651328798637,35.12040792920729,35.12440608876211,34.49613872616133,34.44270982315351,34.43933234753861,34.43595487192375,34.432577396308865,34.429199920693975,34.60107757071491,34.5994791204042
16,33.47975156816343,33.50303895979217,33.697806234707805,33.632201393205364,33.65409525360071,33.473787216351354,33.54773496573298,33.69903473739154,33.79453144287953,33.79002913910676,33.784065757951204,33.60129552078632,33.7506889098173,33.68788683825285,33.902704254570324,34.011252600653066,33.85883572056429,34.03390912405855,34.002378371190275,33.97084761832197,33.93931686545366,33.9077861125854,34.077879951256854,34.055871608161,34.25263442256488,34.22988135351301,34.21353645399871,34.45371470186871,34.44550771815936,34.437300734450055,33.51411973626952,33.46972071112269,33.43337236188778,33.39834692748953,34.144256703719,34.135983981183585,34.121398424210646,34.1068128672377,32.91430242799652,32.872018324548925,33.347846741745,34.249695365546614,34.23953172795091,34.22936809035518,34.21920445275945,34.209040815163746,34.19887717756802,34.1887135399723,34.178549902376574,34.168386264780864,34.15822262718514,34.027089620800126,33.56651071961884,33.95204134806024,33.93882446138326,33.92560757470627,33.9554309527439,33.942923353844115,33.93041575494432,33.917908156044504,34.12817207257093,34.11911752098953,34.11006296940817,34.101008417826755,34.34613527301338,34.34079090724326,34.335446541473154,34.330102175703004,34.24900014685796,34.242611393443504,34.118243010725095,34.41987370192599,34.41600201985002,34.4121303377741,34.40825865569819,34.40438697362226,34.681393728239016,34.250549264913815,34.24488616012334,34.30326035633985,34.2983641851816,33.81981375636858,33.80938068599926,33.79894761562996,33.78851454526063,33.78644042186574,33.776100697872934,33.76576097388009,33.75542124988727,33.74508152589446,33.734741801901635,33.72440207790881,34.199860381505374,34.194655213880466,34.189349812080124,34.18404441027972
17,33.615721656168866,33.291660363155046,33.81638037069231,33.81571544285136,33.867211403491034,33.70296098806645,33.70182755597281,33.57061404535072,33.467533609470195,34.13125206621477,34.12652363822315,33.94228437108768,34.010691372068294,33.96546054824404,33.92022972441981,34.33406068783408,34.403589480439805,34.40854733951699,34.3923109294316,34.34380001712132,34.32620035539442,34.30860069366754,34.77078508472826,34.771272020665165,34.764846526174495,34.71628973615181,34.711495776412136,34.70998313218262,34.659116317985394,34.656088346575835,34.653060375166284,34.65003240375672,34.17392071661034,34.15793594956395,34.14195118251762,34.12596641547123,34.10998164842489,34.093996881378544,34.43139030695194,34.42371802047725,34.416045734002566,34.361698958278886,34.353001158700266,35.20082192592565,35.21014616710698,35.219470408288274,35.21959535289695,34.97003620329656,34.97415800041681,34.97827979753701,34.98240159465725,34.9865233917775,34.69419338825375,34.693069207503854,34.69194502675395,34.690820846004016,34.68969666525412,34.68857248450422,34.68744830375431,34.68632412300441,33.842745199984435,33.82856713261768,34.09404521549248,34.0607168067188,34.05039656787852,34.04007632903826,34.029756090197964,34.74334089551792,34.743140067419084,34.74293923932021,34.96206534119146,34.96480799578582,34.88769102056877,34.88939028562743,34.89108955068615,34.89278881574478,34.89105754640528,34.89271417216821,34.61602881186365,34.61431335850787,34.612597905152114,34.90627940588978,34.90801777765664,34.90975614942347,34.91149452119036,34.91323289295719,35.212589124113435,35.21761587355482,35.22264262299622,35.227669372437575,35.23269612187899,35.23772287132036,35.08274044243551,35.0861092547448,35.08947806705408,35.386012278091485
18,33.72203286963205,33.665821895913034,33.81429438695065,33.821840272437754,33.958210516823925,33.855727420860205,33.58482810565545,33.787244907133285,33.850767655330955,34.18770832562961,34.151331825267704,33.88661404634365,34.1617662416552,34.26513940155746,34.23494025528933,34.20277465552379,34.20307251920333,34.16436149304192,34.479064089680534,34.463454088657414,34.42212222830244,34.573013278875656,34.5629246910361,34.13236982898337,34.10702096273517,34.081672096486976,34.806353487621806,34.78926954677503,34.937331419668624,34.94061895123579,34.93972154908695,35.134792983583445,35.14336230707758,34.226391579198015,34.71004854055332,34.70692140231897,34.78054519889534,34.769634549423216,34.070679753345985,34.052820520778006,34.03496128821004,34.076971782510526,34.06042718472519,34.194313945074335,34.180935661876404,34.12942942690786,34.11528123407646,33.44115204294968,33.67098436119754,33.648918159432085,33.62685195766673,33.67242004799401,33.651571606513166,33.939609519485664,33.924131435804895,33.90865335212415,33.893175268443386,33.87769718476263,33.86221910108187,33.846741017401136,33.85888580254475,33.84383572575859,34.19540495168753,34.18586635746383,33.934271573010335,33.921199801490744,33.86302897922282,33.84931779588998,33.7190669737156,33.70374931350992,34.022548753468975,33.451529859325184,33.43327878394359,33.751111715085514,33.73719681460042,33.72328191411536,34.22920745517173,33.660059196845275,33.6457100555439,33.58617564578947,33.81554446193226,33.80354469309321,33.87771236158435,33.86670868120993,33.971967987917566,33.96227755018276,33.95258711244793,34.252688957008715,34.24638357870524,34.24007820040181,34.23377282209834,34.22746744379488,34.22116206549141,34.21485668718793,34.128119401049084,34.40404239098169
19,33.728076717711566,33.4894802547375,33.85548800512226,33.942345212101586,33.92385120600134,33.82195085804281,33.86399739920837,33.77582638468218,33.687655370155966,34.1961820791028,34.18505696375323,34.01131890303303,34.15722909673046,34.11886338735592,34.07154278541496,34.01611716750873,34.2683277668006,34.24284668680044,34.49163163951968,34.470717744272704,34.4570990514401,34.4434803586075,34.429861665774865,34.67964844908541,34.67559889100478,34.660054136483886,34.65562235977779,34.651190583071696,35.10771669336728,35.117511127583256,35.1272557289565,34.63804646313339,34.62729216655707,34.25431879099608,34.24001469382717,34.186913400368795,34.79608438160183,34.72614171469233,34.35381961369901,34.3435463839293,34.33327315415957,34.32299992438985,34.40296020481357,34.80757547874216,34.80793415044913,34.80829282215605,34.59841936512281,34.59461708687124,34.677129073537465,34.67496962563834,34.67281017773922,35.11190196123067,35.11768697848288,35.12347199573506,35.12925701298725,35.13504203023945,34.444247351152534,34.43852289148582,34.4327984318191,34.427073972152385,34.75502781377192,34.75447544335891,34.75392307294593,34.75337070253293,34.75281833211994,34.752265961706975,34.751713591293935,34.75116122088096,34.80032577937554,34.800459131891074,34.80059248440658,34.800725836922105,35.232184755908406,35.22546937191606,35.2310784970846,35.23668762225311,35.24229674742164,35.24790587259016,35.253514997758685,35.25912412292722,35.2647332480957,35.27034237326423,35.27595149843277,35.28156062360129,35.28716974876981,34.51413532271473,34.70430362551019,34.70335150900908,34.702399392508,34.70144727600688,34.23329988669133,34.22740617509075,34.221512463490214,34.21561875188962,34.53844042389628,34.53588280304197
20,33.65361763075138,33.49826053193206,33.73643658437562,33.82588332453431,33.77684806867368,33.65815810068982,33.47765977383579,33.72850307368725,33.82887181111279,33.97026840316088,34.01022804209447,33.76046695048165,33.67984205153657,34.00541506607448,33.93696994130541,33.881155306721986,34.02986328915756,33.99296959301827,33.93512402802345,34.305794473540544,34.28236620699304,34.26178590222456,34.423379165139295,34.40967064177785,34.395962118416435,34.32787789449976,34.31232879919226,34.53408198745406,34.52401969867335,34.47688323950089,34.46764229988065,34.920191437371585,34.92394487225758,34.92769830714356,34.93145174202955,34.935205176915545,34.938958611801525,34.94271204668752,34.9464654815735,34.301758933864704,34.672094807515734,34.66951571753149,34.7213424968841,34.71993315657306,34.71248320604606,34.43820854388114,34.21419901455647,33.68522842549389,33.65234621010299,33.63074843309853,33.60915065609408,34.10995664561561,34.097768221629025,34.38134661114783,34.37430136331236,34.36725611547686,34.36021086764141,34.3251454478843,34.05209094286083,34.04034200620492,34.028593069549,33.99875184888781,33.98672689095958,33.92191296770224,33.96309907273208,33.95108030121895,34.18969505125223,34.18122963180883,34.41564269862881,34.410526341417324,34.405409984205825,34.40029362699437,34.39517726978288,34.390060912571414,34.38494455535991,34.37982819814846,34.37471184093697,34.42569779881997,34.78306362866173,34.7830191459275,34.78297466319323,34.78293018045896,34.78288569772472,34.78284121499043,34.7827967322562,34.78275224952192,34.782707766787695,34.782663284053385,35.1589742479278,35.162998110166086,35.16702197240437,35.17104583464267,35.00521552246961,34.5592763066572,34.556945561660825,34.55461481666444
21,33.621091578938724,33.61074932805583,33.79103404897707,33.676126003193346,33.777450893883014,33.65944131095643,33.69802633932385,33.82330741606706,33.7250720324977,33.97901022052359,33.93896979439116,33.635139818892526,33.91272929328582,33.858698274314264,34.02049115280989,33.979371485940746,33.90173473870918,33.84690201029434,34.16954224113598,34.11538915686174,34.08705565520893,34.05872215355615,34.283036931718016,34.250254088456124,34.230941902394115,34.21162971633211,34.19231753027008,34.37810716247262,34.32853444409792,34.262116140279545,34.72319784575848,34.72150317119383,34.71980849662915,34.718113822064524,33.65141092811788,33.62206677448668,34.16854256042745,34.035770741134684,34.01780839338619,33.989723306416,33.887778149508826,33.867701441593695,33.84762473367854,34.04764789887884,34.25402938675976,34.24315890363553,34.232288420511324,34.22141793738712,34.21054745426287,34.19967697113866,34.18880648801444,34.177936004890206,34.16706552176599,34.03801371939622,34.025088356850645,33.91581454030103,34.2518670742682,34.24311648910883,34.234365903949445,34.18121634386479,34.303257889744856,34.29584645807608,34.288435026407285,34.281023594738464,34.54596210811408,34.54252422406441,34.53908634001476,34.52757787130476,34.419678258969576,34.41468905794363,34.409699856917655,34.404710655891755,34.39972145486581,34.26719839499418,34.260564287836274,34.25393018067838,34.24729607352052,34.240661966362616,34.23402785920472,34.115964966356614,34.10799674830426,34.63119395920704,34.62943660437879,34.6276792495506,34.62592189472237,34.62416453989414,34.622407185065875,34.85338112859962,34.810645602677724,34.81096119157678,34.81127678047586,34.57028165021501,34.779036503513694,34.779011448971325,34.80695457689201,34.80721351542287
22,33.653892581494496,33.64374578009564,33.85860815014746,33.94007913153041,33.82399850497869,33.70791787842695,33.57765472717024,33.92529650257308,34.10854107193151,34.12133824818835,33.96541359410401,33.90711398072184,33.83996600960637,34.125404437938975,34.08621192256516,34.12649366076692,34.09137150599142,34.05624935121594,34.1666065859542,34.49294026461592,34.5882480668899,34.57912922369753,34.570010380505174,34.546766998062154,34.484417646458304,34.47294126809196,34.45841524742448,34.44683911083298,34.90058502893299,34.803541011894865,34.803300675936995,35.21403607965932,35.225361155814646,34.7047155270876,34.518839854372615,34.466238876537524,34.457491884922526,34.82265557007885,34.8229166043017,34.00180710257159,33.983202883845905,34.69988482592285,34.69742842565937,34.6949720253959,34.69251562513242,34.69005922486897,34.687602824605506,34.568401918847755,34.56367962268016,34.81849413348724,34.818622500251124,34.81875086701503,34.8188792337789,34.819007600542804,34.81913596730668,34.747778580517206,34.74670638638473,34.745634192252226,34.74456199811969,34.74348980398718,35.06276511943615,35.609748493801064,35.62193135335954,35.634114212918035,35.646297072476536,35.65847993203502,34.949626428248486,34.17931603646892,34.17047914902963,34.14988908430658,34.140892344504095,34.13189560470161,34.12289886489916,34.67203135135581,34.670234487947454,34.66843762453911,34.66664076113079,34.66484389772246,34.66304703431413,34.63673274498672,34.436354911037334,34.43191807835917,34.3436513669211,33.95694881203899,33.94718565198264,33.93742249192622,33.92765933186981,33.91789617181348,33.90813301175709,33.898369851700714,33.88860669164431,33.87884353158795,33.86908037153157,33.65843930648289,33.64661659441525,33.63479388234763
23,33.6499485414582,33.564704145743185,33.81578686270161,33.73812058067232,33.85934218492172,33.75036738833736,33.573982138869255,33.80309877056446,33.69777098052612,34.04222442317883,34.025821177035894,33.96278577457306,33.90967593401017,33.71059538588345,34.058613250832266,34.019282103501666,33.97995095617108,33.94061980884048,34.08280816010036,34.051549818842766,34.020291477585175,33.98903313632759,34.34361839391042,34.32690038479271,34.36225622874173,34.34737555047056,34.275732674034856,34.651293814134725,34.665191351384046,34.66145297512097,34.65771459885788,34.65397622259479,34.65023784633171,34.64649947006862,34.64276109380553,34.63902271754246,33.91751688224235,34.17966337238515,34.59208586789388,34.37150223642939,34.361958229510904,34.65537192368738,34.7622461122372,34.76171914380129,34.761192175365395,34.76066520692948,34.312285053112646,34.30289753101866,34.29351000892463,34.23209715846051,34.20813412566402,34.212000947778535,34.20165291050421,34.19130487322991,34.1809568359556,34.17060879868131,33.97873296062307,33.965384853243435,33.95203674586383,33.938688638484194,33.925340531104546,34.18494882677146,34.17576757012777,34.16658631348409,34.15740505684039,34.41928281436017,34.41361402432911,34.42044876355849,34.41533085337812,34.41021294319772,34.40509503301734,34.20106230376891,34.19331073954218,34.185559175315475,34.17780761108878,34.57149947386023,34.56879690240003,34.56609433093982,34.48098760774969,34.32837880143349,34.32289526485625,34.31741172827899,34.311928191701725,34.58246572425832,34.53031592970068,34.5274234885346,34.106604817404566,34.09909491031826,34.09158500323192,34.51649287606507,34.75050088211596,34.75012077547352,34.74974066883109,34.74936056218868,34.748980455546224,34.748600348903786
24,33.725376632413806,33.499698146928324,33.925547383960826,33.88457438995226,33.99201733966125,33.90003511007821,33.65085577019444,33.8283222617012,33.74610763908228,34.20069010957211,34.27307902050775,34.01083953663886,33.93763010555216,34.21670310736823,34.18484692315472,34.14122282891553,34.37576362663698,34.35291671172352,34.32368857010512,34.30366337699164,34.60690633293876,34.60005822382374,34.59321011470869,34.58636200559366,34.579513896478616,34.572665787363576,35.01841689236036,35.026404579769995,35.021037434764466,35.02789737822863,35.03545608483022,35.043014791431816,35.05057349803344,34.44814850630668,34.6305591279956,34.597912697022295,34.593443940909616,34.58345431007332,34.18922068024522,34.17545760341811,34.16169452659101,34.53971039228113,34.534550126260555,34.52938986023999,34.52422959421942,34.85067685589552,34.852214287207225,34.85375171851891,35.277656573186675,35.28723658017945,35.29681658717224,35.30639659416502,35.3159766011578,35.32555660815057,35.33513661514337,35.34471662213615,35.35429662912894,35.36387663612173,35.35423336144618,35.3635058684901,35.37277837553404,35.38205088257798,35.658618765392866,34.3637306699673,34.35765272572586,34.35157478148443,34.34549683724296,34.339418893001515,34.333340948760096,34.32726300451865,34.321185060277216,34.31510711603575,34.309029171794336,34.30295122755288,34.07739556648551,34.06852201862977,34.05964847077401,34.0507749229183,34.041901375062565,34.28897931180467,34.2831706735373,34.27736203526993,34.27155339700256,34.26574475873518,34.25993612046781,34.254127482200445,34.248318843933035,34.24251020566569,34.23670156739831,34.2308929291309,34.22508429086356,34.219275652596195,34.0938833694448,34.08683576529819,34.0797881611516,34.07274055700501
25,33.773550121459934,33.474335844887484,33.92893707001979,33.9534796142556,34.01241005017915,33.91715404764864,33.94110976908297,33.83638542251736,33.72286758595064,34.411166309806696,34.40237646093372,34.36658425476954,34.32631274642253,34.29625528212964,34.24171294343724,34.20192608054302,34.17011345714437,34.13830083374572,34.106488210347074,34.73947210324678,34.65962598846029,34.64990072382179,34.643132465075034,34.6363642063283,34.590438643287804,34.58229864448508,34.57415864568233,34.5660186468796,34.98672231937185,34.99177181449039,34.99682130960893,35.66970105156432,35.680760429745234,33.578095233721726,33.59687330045399,33.565057778634184,33.53324225681436,33.50142673499457,33.469611213174744,33.437795691354935,34.138553533778875,34.51598851256759,34.5092598666833,34.50253122079904,34.495802574914784,34.489073929030496,34.48234528314621,35.77319153437407,35.791641329565934,35.8100911247578,35.82854091994967,35.84699071514153,35.86544051033338,34.800614707955674,34.800236736283026,34.79985876461035,34.79948079293771,34.799102821265066,35.84917052992577,35.86558967386036,35.390474118779125,35.39927495809125,35.408075797403384,35.41687663671553,35.94752794623156,35.963944751288054,35.98036155634455,35.99677836140104,36.01319516645755,34.94187565784732,35.184815443025016,35.189680039193064,35.194544635361105,35.19940923152913,35.204273827697136,35.20913842386518,35.21400302003322,35.03899251355855,35.041651666841275,34.732603093987976,34.607012746096025,34.60446653898007,34.60192033186414,34.59937412474823,34.54321710695014,34.24265199273483,34.23617810051522,34.22970420829555,34.22323031607594,34.216756423856296,34.210282531636686,34.203808639417055,34.197334747197424,34.19086085497779,34.184386962758154,34.07626273850295
26,33.64968412044496,33.59526128981162,33.85755281415079,33.71678600157689,33.82807537608068,33.8624835046518,33.66767126185108,33.779901925240345,33.77558990510383,34.12616040723268,34.07823948709214,34.03031856695161,33.982397646811044,34.128315948235496,34.17036090200209,34.13777014071815,34.42406770352303,34.30337418125812,34.28151643736517,34.25965869347223,34.2378009495793,34.165934864863495,34.38415498404838,34.36946092202972,34.483391696207256,34.45845333979236,34.44777783370377,34.426902506542234,34.41590390992602,34.39514100763874,34.88834384749401,34.89166752593473,34.66526082543578,34.66229039477756,34.657719483735725,34.71987804679627,34.71851537476997,34.71715270274364,34.7157900307173,34.71442735869099,34.71306468666468,34.939234357833904,34.942871285996546,34.94650821415921,35.41882957814023,35.43212830963719,35.44542704113414,35.45872577263111,35.47202450412804,35.18433682840374,35.01386061218645,35.01826939033364,35.02267816848082,34.998719483086106,34.72924084773864,34.728483607925824,34.72772636811301,33.94187237822065,33.92835697868344,33.91484157914625,33.90132617960906,33.88781078007185,33.87429538053469,33.86077998099748,33.84726458146027,33.833749181923075,33.8202337823859,33.80671838284868,33.7932029833115,33.779687583774304,33.766172184237135,33.75265678469991,33.73914138516274,33.72562598562554,33.71211058608833,33.69859518655113,33.68507978701393,33.67156438747675,33.52143873002221,33.50626785389264,33.49109697776303,33.82725411792517,33.81619209780968,33.80513007769421,34.13384263281654,34.12661938965849,34.116268255819946,34.10901042396809,34.10175259211627,33.92744287271401,34.088553633938815,34.081309869240584,34.07406610454239,34.06682233984416,34.26360028945812,34.25842782235625
27,33.58485937314472,33.36422926152916,33.65143823158593,33.64651861887471,33.784286249114444,33.66775415867578,33.68503648456095,33.58126844340639,33.94296432138698,33.9738196332652,33.91421438855529,33.62567850023676,33.50768403787458,33.84302932038716,33.78236421087038,33.72869806167112,33.67503191247188,33.84176590471645,34.17174150484818,34.14489768431477,34.11805386378137,34.091210043247976,34.06436622271457,34.03752240218115,34.01067858164775,34.023553043036884,34.40066279203786,34.382396178737224,34.36990307802317,34.35740997730913,34.34491687659508,34.2808133606034,34.26687156827146,33.78382919794346,33.67308088430284,33.64424382493284,33.710366712488394,34.09916726606065,34.08286153023633,34.06655579441205,34.05025005858775,34.033944322763446,34.28410803841911,34.27353180196099,34.262955565502864,34.252379329044736,34.24180309258661,34.23122685612847,34.189353199115814,34.17818073204475,34.16700826497369,34.155835797902654,33.79827267183673,33.78097429691535,33.76367592199401,33.74637754707264,33.72907917215127,33.711780797229935,34.3040544072568,34.296507330149346,34.30822675328376,34.30097876506311,34.293730776842416,34.28648278862175,34.27923480040107,34.271986812180415,34.26473882395971,34.257490835739034,34.25024284751837,34.242994859297674,34.23574687107701,34.47214853119791,34.24472049256044,34.23777914656496,34.23083780056953,34.22389645457406,34.17743761800106,34.69482060652166,34.69382523654097,34.69282986656028,34.691834496579595,34.680802602612,34.67968987426752,34.67857714592306,34.67746441757858,34.67635168923408,34.6752389608896,34.67412623254514,34.67301350420066,34.67190077585619,34.67078804751171,34.669675319167226,34.66856259082275,34.6674498624783,34.66633713413381,34.66522440578933
28,33.62742778275581,33.548742131656084,33.82069418496084,33.82689348653048,33.70243515291128,33.57933654208331,33.45632609937616,33.83530205531308,34.06353108870172,34.007749423263675,34.041186342193775,33.7785759819891,33.70359141998253,33.63281641837671,33.56840243577537,34.3767657956632,34.092116867471155,34.05950616923268,34.0268954709942,34.528550159414536,34.51864775437708,34.47521489625245,34.464000911408604,34.45278692656479,34.44157294172098,34.43035895687714,34.308193884087345,34.86661375527949,34.86995507520044,34.873296395121386,34.86998498298859,34.87016806507259,34.87323320231471,34.54340259584036,33.359753196458485,33.32336756349419,33.98740865648395,33.96831427581971,33.94921989515549,34.30398694461659,34.33799232409371,34.32848529517162,34.31897826624952,34.6656912769813,34.66368219073962,34.37178639058547,34.363924876490216,34.35606336239499,34.34820184829975,34.34034033420453,34.3324788201093,34.32461730601404,34.31675579191882,34.101478640040675,34.187545737167106,34.177743343386844,34.16794094960659,34.15813855582633,34.12988146153618,34.676744159321416,34.67541531762248,34.67408647592353,34.92799559870667,34.93050462382031,34.93301364893395,34.93552267404757,34.93803169916118,34.94054072427481,34.94304974938844,34.94555877450206,34.246481197192246,34.11518760872845,34.106635920739734,34.09808423275096,34.08953254476221,34.080980856773444,34.0724291687847,33.996316274644215,33.98693605593799,33.97755583723174,34.19115866814127,34.18441695994909,34.352681081605226,34.347962336805736,34.34324359200622,34.29321679858669,34.473313657835234,34.47013606473811,34.46695847164101,34.45520443958646,34.44701065931217,34.443689248545134,34.44036783777814,34.47201071241365,34.46904794262229,34.46608517283098
29,33.620083396779286,33.59646452710867,33.69506457339393,33.836599037803225,33.819429732779945,33.84152345549242,33.70681275768414,33.88686027001071,34.06215400511753,34.1272497572478,34.07932977129875,33.97797766116105,33.99281011948737,33.9452575455548,34.18307818942456,34.151116004252934,34.119153819081326,34.33392070196073,34.31342571943399,34.58096870000856,34.57272475989346,34.56448081977833,34.556236879663224,34.50920201686344,34.65841234422128,34.62575885398154,34.61988357694306,34.61481032700874,34.609737077074435,34.60466382714013,34.936441566319054,35.04003322457609,34.06976323428744,34.05045734404074,34.300081940342125,34.65378873776454,34.65072909848068,34.647669459196784,34.64460981991293,34.64155018062908,34.63849054134522,34.63543090206134,34.54822134866304,34.54335302208149,34.538484695499974,34.38131292729747,34.40829116249496,34.401039248934936,34.30642076242519,34.29750573789375,34.28859071336229,34.279675688830835,34.27076066429939,34.26184563976792,33.89992546266801,35.019392123910784,34.658501157182194,34.65658384137823,34.65466652557427,34.65274920977032,34.79771856958535,34.37236799341894,34.36623098025946,34.36009396709996,34.35395695394048,34.347819940780994,34.341682927621505,34.33554591446203,34.32940890130254,34.17199076753444,34.163797073826274,34.15560338011812,34.39001547222544,34.384992583678454,34.379969695131464,34.374946806584475,34.55891786460217,34.5562422295943,34.55184945889481,34.54915301671474,34.1109167980567,34.10306665486425,34.09521651167185,34.08736636847937,34.268239237898975,34.556164112102714,34.55372710002874,34.551290087954754,34.5488530758808,34.543409043606054,34.540939864021645,34.53847068443724,34.53600150485285,34.533532325268446,34.531063145684044,34.52859396609962
30,33.56501001092307,33.322028920062166,33.74565149745666,33.813689190215875,33.7894359527001,33.520705506213645,33.664760407277946,33.564380013035,33.44789730746048,33.97831283031962,33.922306591324066,33.86733656834143,33.921626776443425,33.85998794421247,33.80865977724798,33.75944200404119,33.97703397053111,33.933668074384606,33.89654100404339,34.18429959028102,34.13157319702779,34.107574291765694,34.08357538650361,34.05957648124152,34.03557757597943,34.50950461732718,34.49582012655506,34.486704714807026,34.47930109565394,34.44729716402934,34.83598229060286,34.83934005756423,34.84269782452559,34.380892869762214,34.37185037690404,34.4098792395168,34.4020280811428,34.394176922768835,34.352093286585614,34.34343934443938,34.69873697787219,34.69825723301895,34.69777748816571,34.6972977433125,34.68651859585068,34.590003731788286,34.58737756355081,34.584751395313376,34.582125227075935,34.579499058838465,34.57687289060102,34.57424672236359,34.57162055412613,33.97331076105837,33.96032987660659,33.94734899215486,33.934368107703094,33.921387223251344,33.90840633879958,33.60291972974323,34.04429425636693,34.03382478525502,34.334929925459114,34.32914430436353,34.32335868326792,34.31757306217231,34.150902358785345,34.14283610674808,34.13476985471086,34.12670360267363,34.118637350636355,34.110571098599124,34.10250484656188,34.094438594524625,34.08637234248738,34.07830609045013,34.67616424029681,34.67562280729339,34.67508137428997,34.67453994128658,34.67399850828315,34.673457075279735,34.484300036604296,34.481578309091695,34.47885658157908,34.476134854066466,34.52967199799329,34.52757186053788,34.52547172308244,34.52337158562701,34.521271448171554,34.8630514519143,34.86455219438829,34.86605293686226,34.86755367933621,34.869054421810205
31,33.611773618439884,33.42604023828953,33.83030057077512,33.8910264967938,33.768941089926344,33.64685568305886,33.78475279175919,33.68743384455372,34.04605464393039,33.98516531918555,34.01034667309096,33.95539932288796,34.05802720872863,34.012622244713114,33.9672172806976,33.921812316682065,33.876407352666554,34.277285871634874,34.252626703746174,34.34966382548866,34.33017525964698,34.31068669380531,34.291198127963625,34.27170956212194,34.20138306414797,34.11081502425013,34.084728588290545,34.06104130464887,34.037354021007175,34.54462084075145,34.53676743240884,35.02917526230247,34.07624621734861,34.05620902815295,34.03617183895725,33.95981622305029,34.36354386774293,34.3525772290775,34.34161059041208,34.33064395174666,34.31967731308122,34.308710674415806,34.2977440357504,34.286777397084975,34.182499453572056,34.174577381675824,34.16178797917429,34.14899857667273,34.136209174171185,34.4656324543446,34.45923871294911,34.4528449715536,34.446451230158104,34.44005748876262,34.4336637473671,34.42727000597161,33.65953166438763,33.64055875775371,33.608487402756765,33.58930490781279,33.57012241286883,33.87994733703122,33.86578731405284,33.85162729107442,33.837467268096006,33.82330724511762,34.338863052292545,34.33221455494417,33.75097568178505,33.73640667392822,33.72183766607142,33.70726865821459,33.69269965035774,33.678130642500946,33.66356163464411,34.06053469826147,34.05113944261585,33.891137401800265,34.134677426517335,34.12652222681398,34.118367027110644,34.481610658792285,34.47779932708917,34.47398799538603,34.470176663682906,34.46636533197979,34.4625540002767,34.45874266857358,34.454931336870445,34.45112000516734,34.44730867346421,34.44349734176112,34.43968601005796,34.435874678354864,34.43206334665176,34.62316511413404
32,33.69272972668257,33.259108330219576,33.76175808072316,33.90986599027542,33.79699721239222,33.925338612839745,33.681207037107924,34.06058219533147,34.181566649501065,34.12861336533998,34.08209015345254,34.04108458319998,33.99493432571095,33.94878406822191,34.42059864394357,34.561674570461115,34.55080612748685,34.540734920181286,34.530663712875715,34.312824970143545,34.29393790549216,34.27505084084075,34.84102980092191,34.800872663481314,34.8024584696461,34.80404427581088,34.805630081975664,34.72541672794108,34.72441369946525,34.72341067098945,35.29606420598018,35.13554265936547,34.560455290858535,34.619295028320565,34.61562175334757,34.61194847837454,34.60827520340154,34.60460192842854,34.03008703312035,34.01299423627917,33.995901439438015,33.97880864259683,33.96171584575568,33.94462304891448,33.927530252073325,34.32504122127296,34.66440056998373,34.66257291678477,34.15243222090047,34.14092713888954,34.129422056878624,34.01797375058048,34.004669387643816,33.991365024707136,33.97806066177047,33.964756298833805,33.951451935897126,33.938147572960496,33.924843210023795,33.7714947272538,33.75598644973263,34.38945427678705,34.383850560745145,34.37824684470321,34.37264312866128,34.36703941261938,34.36143569657746,34.35583198053551,34.350228264493595,33.864854221727526,33.85272525698744,33.77776682112598,33.76480577555448,33.75184472998299,33.73888368441146,33.725922638839975,33.71296159326847,33.70000054769696,33.687039502125444,33.67407845655397,33.66111741098244,33.64815636541094,33.635195319839426,33.62223427426792,33.60927322869641,33.59631218312492,33.58335113755339,33.570390091981935,33.55742904641042,33.73343159351446,33.72249137639072,33.71155115926705,33.70061094214333,33.689670725019624,33.67873050789592,33.6677902907722
33,33.65198447952313,33.66500861436991,33.76463275795078,33.85955326626629,33.7344763409744,33.721453214283414,33.608250663350574,33.97548801804797,33.903986717038855,34.09433675805769,34.15690435585166,33.95396035364324,33.899536585691344,33.820560962307084,33.76472819530314,34.26706888682568,34.45807189461421,34.26821441869089,34.24356374498037,34.175219539575586,34.14872256431921,34.688628394518,34.6843147754235,34.680001156329,34.6756875372345,34.67137391814001,35.09447558766506,35.10417219738392,35.11386880710279,35.12356541682165,35.13326202654051,35.142958636259394,34.980231686899096,34.41497166027015,34.40474882001509,34.39452597976003,34.384303139504986,34.374080299249925,34.21905927901514,34.68136316692436,34.67867198319146,34.67598079945854,34.67328961572565,34.670598431992744,34.66790724825982,34.21150540458331,34.19965554754985,34.18780569051645,34.175955833483016,34.76954499277596,34.76901024289893,34.76847549302185,34.76794074314483,34.76740599326776,34.76687124339071,34.71681310146132,34.71544566090482,34.714078220348256,34.71271077979172,34.711343339235185,34.70997589867865,35.06948104019263,35.07362273359654,35.077764427000446,35.081906120404355,34.608323316315655,34.60559380217457,34.60286428803346,34.60013477389235,34.597405259751255,34.59467574561018,34.591946231469066,34.58921671732797,34.58648720318686,34.35167357511251,34.34598797391597,34.340302372719435,34.3346167715229,34.32893117032638,34.30884882877496,34.30299090861658,34.29713298845817,34.29630174691884,34.29050190714085,34.28470206736286,34.27890222758484,34.27310238780686,34.267302548028866,34.26150270825086,34.25570286847285,34.24990302869487,34.24410318891687,34.238303349138874,34.23250350936088,34.46771040310518,34.4643568623244
34,33.61269813068403,33.399774445378526,33.77802913729654,33.79045182410883,33.65931165384469,33.79216550895339,33.761984886841134,33.66561464456154,33.5219150666968,34.041439491821166,34.03994964011984,34.0206435948548,33.87718965946297,33.822831294929195,33.88770647699117,33.836509316100546,34.34590245319786,34.24064721662373,34.35929385740066,34.34082263168722,34.28691562294863,34.2497797692388,34.22527514185732,34.20454451001368,34.1495834313852,34.66697984661463,34.62902135604605,34.621972405570034,34.61374084225482,34.60878454007317,34.6038282378915,34.59887193570984,34.59391563352815,34.5889593313465,34.58400302916484,34.57904672698316,34.15611076724183,34.14083707447177,34.12556338170169,34.1102896889316,34.09501599616152,34.07974230339143,34.06446861062134,34.04919491785125,34.03392122508118,34.18532905960913,34.17342193158236,34.161514803555576,34.14960767552878,34.13770054750201,34.12579341947523,33.925492873996134,33.910193575925824,33.89489427785553,33.87959497978522,33.864295681714914,34.20461942726092,34.178440555883384,34.16874619240697,34.75681119575294,34.7565253446217,34.504793808229394,34.50066899484548,34.4965441814616,34.49241936807766,34.48829455469377,34.484169741309884,34.429288937204724,34.39797505423279,34.39277561679745,34.3875761793621,34.382376741926734,34.37717730449136,34.371977867056,34.36677842962065,34.3615789921853,34.35637955474995,34.3511801173146,34.34598067987925,34.34078124244389,34.33558180500853,34.330382367573165,34.32518293013782,34.31998349270247,34.26038179631455,34.254567668676735,34.2487535410389,34.24293941340105,34.23712528576322,34.23131115812539,34.22549703048757,34.219682902849726,34.21386877521189,34.49457706357348,34.49170102503513,34.48882498649681
35,33.653117252898475,33.39737376761982,33.83766322633826,33.88431457722821,33.76669422004404,33.64907386285986,33.82342745429846,33.733646806641985,33.6438661589855,34.18141383388332,34.19693083288693,34.189730316894945,34.0982606095884,34.07720398188852,34.00574139238887,33.95541973818905,33.9138149674733,34.56226471193666,34.552734371374484,34.54320403081229,34.48519757318544,34.473694000321004,34.46219042745655,34.40514508454345,34.39199059474323,34.320677392077165,34.30555374858981,34.29043010510243,34.27530646161507,34.2601828181277,34.245059174640346,34.22993553115297,34.2148118876656,34.857540625496206,34.859952127138854,34.85024979455878,34.84636539501061,34.84648801820389,34.84840159365063,34.85031516909734,34.44256774092943,34.43528461095413,34.42800148097882,34.420718351003515,34.413435221028216,34.064461834339646,34.05027760567514,34.05675586092687,34.04297276289782,34.400469874595245,34.39362469681198,34.38677951902871,34.37993434124546,34.3730891634622,34.366243985678935,34.35939880789568,34.35255363011242,34.518498894719016,34.51446145858232,35.199509599187884,34.9611130166026,34.43413053927367,34.42904964309061,34.696698983530766,34.69565779741785,34.66393522269383,34.66245274283126,34.66097026296876,34.65948778310623,34.6580053032437,34.65652282338116,34.65504034351864,34.65355786365612,34.65207538379358,34.650592903931056,34.649110424068525,34.6623126565145,34.921487151260074,34.9233827145696,34.43675923335147,34.43280498596399,34.4288507385765,34.42489649118902,34.42094224380151,34.41698799641404,34.413033749026525,34.40907950163907,34.40512525425158,34.401171006864075,34.39721675947659,34.39326251208912,34.324198666457484,34.319562684746515,34.729953543817416,34.729574363886165,34.72919518395496
36,33.61031275442473,33.368004026460426,33.67153780512216,33.863449477441,33.74734184027893,33.81751424168006,33.624682699026835,33.63147512897475,33.52048735543966,33.961521372325485,33.90426010193527,33.94834181008538,34.011544065209776,33.96502378626772,33.921044725364325,34.33211139616221,34.31144588112862,34.29078036609502,34.27011485106141,34.24944933602781,34.2287838209942,34.11425401392067,34.08991240876468,34.21287944794409,34.19389161872068,34.09348886219003,34.07175323058578,34.6056616475574,34.601553545791205,34.59744544402497,34.12531501060599,34.106613560893734,34.08890957292839,34.07120558496302,34.053501596997634,34.03579760903228,34.018093621066924,34.00038963310155,34.389702250369965,34.38157318886353,34.74061776969418,34.74073845571616,34.74085914173816,34.74097982776013,34.741100513782115,34.74122119980412,34.741341885826074,34.741462571848075,34.74158325787007,34.310160735725894,34.30222171392341,34.2942826921209,34.443595029897686,34.7466296084156,34.74683003439333,34.74703046037107,34.747230886348845,34.74743131232659,34.74763173830435,34.74783216428211,34.74803259025987,34.74823301623761,34.74843344221536,34.74863386819312,34.74883429417087,34.74903472014864,34.749235146126374,34.74943557210413,34.74963599808187,34.74983642405963,34.750036850037375,34.750237276015135,34.75043770199291,34.75063812797064,34.750838553948405,34.751038979926165,34.75123940590392,34.04414805477774,34.035673954528946,34.02719985428012,34.29427773704732,34.11258373927415,34.10530655265887,34.4796207143064,33.82824973618441,33.81800804629996,33.80776635641556,33.7975246665311,33.78728297664665,33.77704128676221,33.76679959687779,33.756557906993336,33.7463162171089,33.73607452722447,33.72583283734001,33.71559114745555
37,33.59446881254805,33.27464525846533,33.62739145243009,33.8003722502427,33.843577889609854,33.74361415793185,33.661975479516514,33.55575619260976,34.01373748749102,33.95934276935237,33.88195873503594,34.05968106774098,33.949430704649686,33.89030303712587,33.84441120446071,33.79851937179555,33.7526275391304,33.70673570646524,34.281070706318616,34.26272375745067,34.24437680858273,34.22602985971478,34.20768291084684,34.18933596197891,34.59015696644694,34.62773208775742,34.62547946160796,34.62322683545848,34.620974209309026,34.51343503690773,34.5080461086914,34.50265718047506,34.497268252258706,34.4918793240424,35.007347469931666,35.0154775650028,35.02360766007389,35.03173775514499,35.03986785021612,34.64263534831892,34.641449521262416,34.24901839050949,34.23924205391822,34.515323306029615,34.51156309645038,34.50780288687119,34.40383492416196,34.39809249324527,34.3923500623286,34.497095105039165,34.91049790756347,34.91446799277145,34.91843807797941,34.92240816318741,34.926378248395395,34.912145429552446,34.915809783634714,34.919474137717,34.923138491799264,34.92680284588152,35.188517202538335,34.39438290004644,34.38981257934832,34.385242258650244,34.38067193795215,34.37610161725408,34.37153129655597,34.18297425258011,34.17382310971797,34.16665213541998,34.159481161121974,34.15231018682397,34.14513921252597,34.13796823822794,34.13079726392994,34.123626289631936,34.11645531533392,34.10928434103591,34.102113366737896,34.094942392439904,34.08777141814188,34.08060044384389,34.073429469545886,34.06625849524788,34.059087520949845,34.05191654665185,34.04474557235382,34.037574598055826,33.913730995064824,34.19645191325542,34.19113316929001,34.185814425324565,34.18049568135916,34.17517693739372,34.169858193428304,34.16453944946289
38,33.639010591021304,33.39765720817584,33.83820168619967,33.93867005954058,33.86669476995075,33.76711506033772,33.83660092494564,33.75314463346909,33.627245995457606,34.20399707630284,34.16625228043716,34.12850748457146,34.09076268870576,34.17022154862536,34.139177389636586,34.108133230647795,34.07708907165902,34.52342406531648,34.514566463357205,34.50570886139795,34.58928506822862,34.58419553314823,34.57910599806783,34.574016462987444,34.448324526203024,34.439019362435424,34.42971419866782,34.42040903490022,34.99677916521105,35.00547719273624,35.01417522026144,35.02287324778665,35.03157127531185,35.04026930283706,35.04896733036227,35.52474618046517,34.51924647398904,34.51444155424534,34.50963663450163,35.02256508323451,35.02965934334523,35.03675360345593,35.04384786356665,35.46498065318838,35.5043990825399,35.52069383311681,35.536988583693706,35.55328333427063,35.14750266392193,35.15576455508114,35.16402644624038,35.172288337399614,35.31461096219508,35.32524388282081,35.33587680344657,35.346509724072305,35.35714264469802,35.36777556532377,35.37840848594949,35.38904140657523,35.39967432720096,35.410307247826694,35.42094016845245,35.431573089078185,35.442206009703895,34.76099847660718,34.76168027811288,34.762362079618526,34.763043881124204,33.879757737808745,33.86841890171785,33.85708006562695,34.14610372710393,34.13869064534422,34.1312775635845,34.12386448182478,34.11645140006506,34.10903831830534,34.10162523654562,34.0942121547859,34.08679907302617,33.894147074924284,33.88456761010531,33.87498814528632,33.86540868046734,34.06262632618507,34.05535730232714,34.04808827846919,34.04081925461125,34.03355023075332,34.02628120689539,34.01901218303743,34.01174315917951,34.00447413532158,33.99720511146366,33.98641407421663
39,33.612124565019414,33.558805774552425,33.805478169530474,33.81860090952351,33.70301463899968,33.87094248425126,33.63175080177093,33.53145089835295,34.0942312851798,34.150769127569454,34.11113004039936,34.00058273094692,33.95639713342716,33.89465872328633,33.849462824956426,34.48529463602317,34.47498549787388,34.364610164078016,34.349657475595706,34.33470478711344,34.31975209863116,34.304799410148874,34.28984672166658,34.27489403318429,34.59431065593823,34.59108731819224,34.587863980446265,34.584640642700265,35.140738759996864,35.15641703085589,35.170445645794786,35.18447426073371,35.19850287567262,35.212531490611525,35.22656010555044,35.24058872048934,35.25461733542825,34.77339051693914,34.21921794105314,34.2082398977884,34.19726185452363,34.18628381125888,34.17530576799413,34.01695956976275,34.002881763311606,34.33535352982986,34.32827529468284,34.321197059535834,34.31411882438884,34.30704058924182,34.299962354094816,34.2928841189478,34.28580588380079,34.576371811030775,34.574469000876704,34.572566190722654,34.570663380568554,34.56876057041448,34.56685776026042,34.56495495010634,34.56305213995229,34.56114932979821,34.559246519644134,34.33728140158512,34.332120120025664,34.326958838466226,34.321797556906766,34.31663627534729,34.311474993787854,34.306313712228416,34.301152430668964,34.2959911491095,34.29082986755006,34.285668585990614,34.66750364293509,34.66727228543232,35.23161101944478,35.23838994926668,35.24516887908861,34.697085899914484,34.69722042623772,34.99978300852391,35.00345403605908,35.00712506359425,35.01079609112942,35.01446711866459,34.555546530176535,34.55410808107092,34.55266963196536,34.55123118285977,34.549792733754146,34.54835428464858,34.546915835543,34.54547738643738,34.54403893733179,34.54260048822623
40,33.55983255317261,33.57561513046645,33.63288980710227,33.72644063432413,33.59437116573405,33.51139179380843,33.38458876132949,33.257785728850536,33.73643292513094,33.88894235656862,33.9342134576082,33.67305280377143,33.605716773044705,33.53838074231797,33.42524453281473,33.355435649753844,33.95789970636642,33.92085068489146,33.883801663416506,33.820192185282565,33.78201798368408,33.74384378208563,33.70566958048714,34.26005364166479,34.2078339295668,34.1883425320058,34.17039600173839,34.496925910227446,34.489913403761975,34.48290089729653,34.475888390831045,34.4688758843656,34.46186337790013,34.454850871434644,34.447838364969186,34.440825858503715,34.43381335203826,34.42680084557278,34.41978833910733,34.41277583264186,34.40576332617638,34.398750819710926,34.28745812089895,34.27820440829363,34.26895069568832,34.0936741110822,34.08106910120153,34.068464091320855,34.05585908144019,34.0432540715595,34.03064906167886,34.0180440517982,34.5110062548781,34.47737623047448,34.47319275840489,34.13716103169245,34.12740132037729,34.117641609062154,34.107881897747,34.09812218643188,34.08836247511673,34.078602763801584,34.06884305248646,34.05908334117128,34.04932362985614,34.03956391854101,34.029804207225865,34.020044495910724,34.010284784595584,34.000525073280414,33.99076536196526,33.207649757362745,33.18765029587723,33.16765083439172,33.1476513729062,33.12765191142067,33.39674996645344,33.38034130329863,33.36393264014381,33.347523976989,33.33111531383421,33.36395111473857,33.34811809118116,33.332285067623765,33.31645204406637,33.30061902050898,33.284785996951584,33.26895297339421,33.253119949836794,33.648813708570984,33.637382042449815,33.62595037632863,33.61451871020746,33.60308704408631,33.59165537796511,33.58022371184395
41,33.62295562789374,33.21099595619508,33.695926377543145,33.868322327499655,33.87245897606752,33.76736602460315,33.60316538387532,33.49250538780272,34.0721622874327,34.0166322469815,33.9467332714057,33.890225093304686,33.889820940397655,33.7956157732574,33.74018490833369,33.684754043409946,33.62932317848622,33.57389231356251,33.51846144863877,34.15145835993512,34.12529169042253,34.06415379806403,34.0311229321012,34.5859492293156,34.57937940867359,34.55826043930254,34.54946739474371,34.54234992978657,34.303661581038,34.28943018997851,34.27519879891902,34.260967407859525,34.24673601680003,34.00625518334253,33.985985888306686,33.96571659327086,33.945447298235,33.92517800319917,34.253299921979306,34.585123550360414,34.53382871392144,34.5285985411476,34.523368368373745,34.5181381955999,34.51290802282606,34.50767785005222,34.50244767727837,34.4567744458483,34.45075959674625,34.44474474764421,34.438729898542164,34.43271504944012,34.42670020033807,34.420685351236,34.414670502133966,34.40865565303191,34.402640803929856,34.39662595482781,34.39061110572577,34.38459625662373,34.37858140752166,34.37256655841962,33.93746362188978,33.88825293218723,34.097283735486315,34.519548962132646,34.515994041437224,34.51243912074182,34.49759595881335,34.493885288629954,34.49017461844656,34.48646394826319,34.4827532780798,34.47904260789639,34.475331937713015,34.47162126752962,34.46791059734623,34.46419992716283,34.46048925697944,34.79062223310085,34.79090969877561,34.79119716445037,35.05664033236492,35.05999297335235,35.06334561433981,35.06669825532725,35.07005089631465,35.07340353730211,35.07675617828955,35.08010881927696,35.0834614602644,35.08681410125186,35.09016674223927,35.09351938322669,35.09687202421415,35.10022466520158
42,33.6160494391294,33.36328236394869,33.79016190851566,33.68400608235086,33.54461088685133,33.82302893030265,33.73513660446048,33.6303914578299,33.534858397959624,34.06088637143807,34.03368869736556,33.98567707426527,33.93766545116496,33.8374405367368,33.78644273643183,33.73544493612687,33.63574210164625,34.3125013703865,34.34110744480668,34.29639714689704,34.27793887102748,34.25415145084288,34.23548551129404,34.097034078538904,34.07401788975103,34.0510017009632,34.02798551217536,34.64566312390244,34.642974855148125,34.632263971326346,33.410372558657585,33.372128288517175,33.33388401837674,33.295639748236354,33.257395478095944,33.219151207955534,34.126297543745714,34.11138790564256,34.0964782675394,34.08156862943625,33.657540351369704,33.63344191985313,34.19449677224789,34.18297695359317,34.17145713493845,34.15993731628372,34.14841749762901,33.97004641443664,33.955288200487814,33.940529986539026,33.92577177259021,33.9110135586414,33.89625534469259,33.789348334776875,33.77298776010528,34.13931519488415,33.84410086847618,33.82945796876794,33.81481506905971,34.5257953357709,34.52257573319696,34.51935613062301,34.51613652804905,34.51291692547511,34.50969732290116,34.50647772032721,34.50325811775326,34.50003851517933,34.49681891260536,34.49359931003143,34.490379707457464,34.48716010488354,34.483940502309544,34.480720899735644,34.47750129716166,34.47428169458773,34.47106209201377,34.46784248943983,34.46462288686588,34.46140328429193,34.68605558535441,34.685532327384685,34.685009069414946,34.684485811445185,34.68396255347543,34.68343929550569,34.68291603753593,34.68239277956617,34.68186952159644,34.68134626362669,34.68082300565695,34.68029974768719,34.67977648971744,34.67925323174771,34.67872997377795,34.6782067158082
43,33.66879452685563,33.47759369850653,33.77062614986037,33.797797684394375,33.884423707719314,33.779135433774464,33.89698621155358,33.812966344400024,34.181954743815155,34.13412741827732,34.19700760442967,34.14279543235111,34.237029349900155,34.204142028168405,34.15004195527574,34.11600340526962,34.081964855263486,34.04792630525736,34.01388775525123,34.60774138325877,34.60040029404658,34.59305920483441,33.35801047856218,33.304373982746924,33.25073748693167,33.6660350729738,34.887998929586736,34.98844572400971,34.99505621541716,35.415517443406394,35.43447230594972,35.45342716849304,35.472382031036354,35.491336893579685,35.51029175612302,35.52924661866633,35.548201481209645,35.567156343752984,35.5861112062963,35.605066068839626,35.62402093138294,34.87921073100328,34.88138523267487,34.883559734346456,34.88573423601803,34.887908737689614,34.8900832393612,34.75540251736153,34.75492175513684,34.75444099291215,34.71287931297393,34.711645106502914,34.71041090003188,34.70917669356085,34.70794248708982,34.706708280618784,34.70547407414779,34.70423986767674,34.9796977976642,34.98288948832513,34.98608117898607,34.98927286964697,35.37560405070131,35.38455617243491,35.39350829416852,35.40246041590213,35.41141253763575,35.42036465936933,35.42931678110296,35.43826890283655,34.194098598617806,34.18623715712424,33.954908057506834,33.944127158704305,33.93334625990178,33.92256536109924,33.91178446229673,33.90100356349419,33.89022266469166,33.879441765889155,33.86866086708663,33.85787996828409,33.84709906948156,33.83631817067905,34.18256021913601,34.17581321805212,34.169066216968226,34.16231921588436,34.15557221480045,34.14882521371656,34.14207821263269,34.1353312115488,34.12858421046493,34.121837209381034,34.115090208297154,34.08549803689985
44,33.67907376715204,33.675611630440564,33.79639923825412,33.64092376450447,33.87501930836149,33.76535692638002,33.6414429027992,33.997848110322245,33.9274680324544,34.13270321509108,34.078420099364955,34.02814535461822,33.977870609871474,33.87488122768755,33.82662055171217,34.25689538724346,34.2286435065282,34.200391625812955,34.172139745097695,34.26145422758317,34.23821383257547,34.21497343756775,34.191733042560045,34.16849264755234,34.67579002479528,34.671156212302165,34.66652239980904,34.66188858731593,34.644926211127,34.537445298291885,34.529378906529004,34.5213125147661,34.51324612300321,33.99916130439277,34.00322377280669,33.98233503182249,33.96144629083827,34.59411883979672,34.588971004230046,34.583823168663386,34.578675333096726,34.573527497530065,34.56837966196342,34.98684564159332,34.990609728172075,34.99437381475085,34.998137901329606,35.00190198790838,35.005666074487145,35.00943016106591,35.013194247644684,35.01695833422343,35.0207224208022,35.02448650738097,35.028250593959726,35.032014680538495,35.03577876711724,35.039542853696034,35.04330694027479,35.04707102685354,34.809461783919446,35.30140441050956,35.308937808176594,35.31647120584361,35.32400460351064,35.33153800117766,35.3390713988447,35.346604796511734,35.35413819417876,35.36167159184578,35.3692049895128,35.37673838717982,35.384271784846824,35.39180518251386,35.399338580180924,35.40687197784794,35.41440537551496,35.421938773181964,35.42947217084901,35.43700556851603,35.44453896618304,35.45207236385009,35.459605761517125,35.00965289611005,35.011958302872216,34.49196681161916,34.48843891198016,34.4849110123412,34.48138311270222,34.47785521306324,34.47432731342429,34.47079941378529,34.46727151414631,34.37949847072005,34.37510690574564,34.61052028021776
45,33.68961211211083,33.36865613826399,33.904833848351146,33.82229721233808,33.69886931044394,33.57544140854979,33.80175782902548,33.71168609658008,33.58076817140366,34.16710402652824,34.1240410412041,34.197980192756056,34.13543482090598,34.08873812572199,33.93621737306711,33.93331654943161,33.89152361132629,33.84973067322096,34.54387978981198,34.53478207034189,34.525684350871785,34.46497719704623,34.45386076282435,34.44274432860247,34.43162789438061,34.420511460158735,34.409395025936846,34.398278591715,34.38716215749312,34.88132462406445,33.82050380385582,33.79361647114132,33.766729138426854,34.45547850085905,34.44766719297097,34.439855885082906,34.432044577194844,34.42423326930678,34.41642196141871,34.17479234128256,34.15937973246689,34.1461467309785,34.13291372949011,34.11968072800174,34.10644772651338,34.09321472502498,34.07998172353659,34.0667487220482,34.05351572055983,34.04028271907144,34.02704971758307,34.01381671609467,34.00058371460631,33.98735071311793,33.554349892291555,33.53394218772142,33.51353448315132,33.49312677858119,33.472719074011074,33.45231136944096,33.859613708232715,33.84583649400762,33.83205927978253,33.818282065557426,34.58816388364072,34.58582385864995,34.583483833659216,34.371880039462894,34.36661350927477,34.36134697908665,34.9771653654764,34.980231676100104,34.98329798672381,34.9863642973475,34.9894306079712,34.77848865029371,34.77886382795242,34.779239005611146,34.96916781548102,34.971840299072326,34.97451278266365,34.97718526625498,35.2788500963926,35.28497857961895,35.29110706284534,34.49434279639154,34.491504105586856,34.48866541478218,34.48582672397753,34.482988033172845,34.480149342368165,34.47731065156351,34.47447196075882,34.471633269954154,34.46879457914946,34.46595588834481
46,33.56421060963659,33.34858373323979,33.6111320998429,33.662236256978986,33.709163176054915,33.603242812697445,33.51041057703144,33.56027047008964,33.45141297773033,33.842642860441096,33.78581831144696,33.86282638424805,33.814637662502875,33.83567767575104,33.79144111857739,33.74720456140376,33.70296800423012,34.08459806189572,34.0601539564234,34.03570985095108,34.09278786732611,34.07167021812026,34.050552568914426,34.02943491970855,34.0083172705027,33.88417755335507,34.193409473833974,34.12527936431378,34.284692920773324,34.27467653881089,34.320024177135004,34.311614231135536,34.30320428513605,34.2947943391366,33.67926455194564,33.65508901351409,33.62389887640559,33.599550267125586,33.57520165784557,33.550853048565536,33.52650443928552,33.50215583000549,34.00469272173116,33.9916725986306,33.97865247553003,34.368609093351154,34.363726767926224,34.358844442501294,34.34719418353532,34.34218323948122,34.33717229542712,34.33216135137303,34.327150407318946,34.32213946326485,34.1130395992545,34.104542153865985,34.09604470847749,34.087547263088965,34.57139598991347,34.57077203270521,34.570148075496945,34.56952411828867,34.56890016108041,34.56827620387213,34.56765224666384,34.567028289455585,34.81830127034367,34.821249464939115,34.82419765953456,34.82714585412999,34.83009404872545,34.833042243320875,34.835990437916315,34.83893863251176,34.84188682710719,34.84483502170264,34.84778321629808,34.85073141089352,34.85367960548896,34.85662780008441,34.859575994679844,34.862524189275284,34.86547238387072,34.86842057846616,34.87136877306161,34.87431696765706,34.787743182347505,34.78970221271807,34.79166124308858,34.67948148319543,34.68021990059646,34.68095831799751,34.68169673539854,34.68243515279958,34.68317357020059,34.68391198760163
47,33.683388202292385,33.1949885504029,33.94429460913936,33.88317616016782,33.759299279074746,33.63542239798166,33.63353740238328,33.52137331461793,33.30320311925902,34.22698514360983,34.27403588580892,34.02499335716607,33.974208621905376,33.9234238866447,33.78633105323222,33.70289336902433,33.646011397285434,34.37888476410919,34.325906170876536,34.30427707747618,34.28264798407584,34.196274758865286,34.17211518897727,34.14795561908926,34.123796049201246,34.09963647931323,33.92487288223389,33.895780488943615,33.86668809565333,33.837595702363046,33.808503309072776,34.52362900583674,34.515490123743504,34.495753565486055,34.487304962899245,34.478856360312435,34.47040775772559,34.461959155138786,34.45351055255197,34.44506194996515,34.13043268256246,33.72787405203583,33.7209909945288,33.69752312830791,33.674055262086995,33.650587395866104,33.6271195296452,33.68707053874759,33.66522212584275,33.64337371293791,34.36972023204372,34.36159568975039,34.353471147457064,34.31592666668907,34.30729024091937,34.29865381514968,34.29001738937998,34.230840341925635,34.2213827549081,34.197495228389634,34.18781061217694,34.178125995964265,34.168441379751584,34.158756763538904,34.14907214732621,34.13938753111352,33.93682898256385,33.29799777857547,33.27681862546873,34.101354867354885,34.09167666944672,34.081998471538526,34.07232027363033,34.06264207572215,34.05296387781399,34.04328567990578,34.03360748199761,34.023929284089434,34.01425108618127,34.004572888273074,33.99489469036487,33.985216492456715,34.40498709281201,34.400273354797584,34.39555961678315,34.39084587876873,34.38613214075432,34.3814184027399,34.37670466472548,34.37199092671106,34.752631353026615,34.75199546546698,34.75135957790734,34.75072369034775,34.75008780278813,34.7494519152285
48,33.68613699974759,33.460413244535346,33.805543400012496,33.9092066129641,33.97740089966517,33.979927277083334,33.76651934008082,33.82775642321242,34.26012362254165,34.216974402628004,34.17855266387095,34.292106469481524,34.126462302134925,34.261791460403366,34.23695242175529,34.209999306230785,34.68068611932546,34.67797713392134,34.675268148517254,34.542561482505576,34.53432785419722,34.52609422588887,34.51786059758051,34.683463994977835,34.98895904194995,34.9978308139894,35.182201412723515,35.18752390866646,35.16291615003851,35.17604867731868,35.18918120459885,35.196429039233394,35.209396115829875,34.863781790839184,34.746153027601565,34.74641853652612,34.74668404545068,34.746949554375256,34.747215063299805,34.74748057222434,34.74774608114892,34.748011590073475,34.748277098998045,34.74854260792259,34.74880811684716,35.07833488024854,35.08525058704181,34.42149931529042,34.4154025526763,34.40930579006216,34.40320902744805,34.39711226483393,34.391015502219815,34.384918739605695,35.080705738968234,35.0866033872518,35.09250103553535,35.09839868381893,35.10429633210249,35.11019398038604,35.11609162866961,34.32220034498996,34.3158914211743,34.30958249735865,34.30327357354296,34.296964649727315,34.29065572591165,34.284346802096,34.266544416065344,34.26007692221811,34.25360942837089,34.247141934523675,34.24067444067647,34.23420694682925,34.22773945298199,34.22127195913478,34.21480446528756,34.20833697144033,34.20186947759312,34.19540198374591,34.188934489898685,34.182466996051446,34.175999502204235,34.16953200835701,34.1630645145098,34.15659702066257,34.15012952681534,34.14366203296812,34.137194539120884,34.13072704527369,34.124259551426434,33.97796163124711,33.97003024846748,34.28411971763744,34.27949112099678,34.27486252435608
